{
  "best_epoch": 20,
  "test_loss": 0.1555904813221299,
  "test_accuracy": 0.9669885109625557,
  "test_balanced_accuracy": 0.9799837186097063,
  "test_macro_f1": 0.8970093063562504,
  "test_weighted_f1": 0.9690065952039151,
  "best_val_macro_f1": 0.38832522715165213,
  "best_val_bal_acc": 0.44291243460433644,
  "best_val_loss": 1.7401400994005445,
  "seq_len": 8,
  "input_dim": 256,
  "hidden_size": 192,
  "num_layers": 2,
  "dropout": 0.3,
  "input_dropout": 0.15,
  "lr": 0.0007,
  "ldam_C": 0.5,
  "drw_start_epoch": 21,
  "lr_milestones": [
    30,
    60
  ],
  "lr_gamma": 0.1
}